{"101_CT_1": {"slope": 100.728, "intercept": 272.4442528000002}, "101_CT_2": {"slope": 100.728, "intercept": 272.4442528000002}, "101_STEAM_3": {"slope": 16.465999999999998, "intercept": 331.4380855711627}, "101_STEAM_4": {"slope": 16.465999999999998, "intercept": 331.4380855711627}, "102_CT_1": {"slope": 94.433, "intercept": 445.80693279999946}, "102_CT_2": {"slope": 94.433, "intercept": 445.80693279999946}, "102_STEAM_3": {"slope": 20.634000000000004, "intercept": 99.9624093329096}, "102_STEAM_4": {"slope": 20.634000000000004, "intercept": 99.9624093329096}, "107_CC_1": {"slope": 26.83799999163659, "intercept": 97.67881729273722}, "113_CT_1": {"slope": 28.958999999999985, "intercept": 474.6557750000002}, "113_CT_2": {"slope": 28.958999999999985, "intercept": 474.6557750000002}, "113_CT_3": {"slope": 28.958999999999985, "intercept": 474.6557750000002}, "113_CT_4": {"slope": 28.958999999999985, "intercept": 474.6557750000002}, "115_STEAM_1": {"slope": 127.46199999421117, "intercept": 255.5893135860954}, "115_STEAM_2": {"slope": 127.46199999421117, "intercept": 255.5893135860954}, "115_STEAM_3": {"slope": 23.231, "intercept": 12.166231479999624}, "116_STEAM_1": {"slope": 21.658999999999992, "intercept": 360.71597644000076}, "118_CC_1": {"slope": 27.61199998843929, "intercept": -52.15055643150481}, "123_STEAM_2": {"slope": 24.928999999999995, "intercept": -203.5380435399993}, "123_STEAM_3": {"slope": 21.686, "intercept": 486.70481160000054}, "123_CT_1": {"slope": 29.127999999999997, "intercept": 432.92423900000017}, "123_CT_4": {"slope": 29.127999999999997, "intercept": 432.92423900000017}, "123_CT_5": {"slope": 29.127999999999997, "intercept": 432.92423900000017}, "201_CT_1": {"slope": 91.77799999999996, "intercept": 399.1365104000006}, "201_CT_2": {"slope": 91.77799999999996, "intercept": 399.1365104000006}, "201_STEAM_3": {"slope": 23.761000000000013, "intercept": 98.06381660151442}, "202_CT_1": {"slope": 88.63, "intercept": 406.29081759999985}, "202_CT_2": {"slope": 88.63, "intercept": 406.29081759999985}, "202_STEAM_3": {"slope": 23.03300000000001, "intercept": 41.15909951393314}, "202_STEAM_4": {"slope": 23.03300000000001, "intercept": 41.15909951393314}, "207_CT_1": {"slope": 37.779999999999994, "intercept": 263.6613808400002}, "207_CT_2": {"slope": 37.779999999999994, "intercept": 263.6613808400002}, "213_CC_3": {"slope": 28.440999990949805, "intercept": 204.05524546117977}, "213_CT_1": {"slope": 28.958999999999985, "intercept": 474.6557750000002}, "213_CT_2": {"slope": 28.958999999999985, "intercept": 474.6557750000002}, "215_CT_4": {"slope": 28.458999999999993, "intercept": 574.4035743600004}, "215_CT_5": {"slope": 28.458999999999993, "intercept": 574.4035743600004}, "216_STEAM_1": {"slope": 21.404999999999998, "intercept": 57.33916177999981}, "218_CC_1": {"slope": 23.880999992803492, "intercept": 3350.344947070518}, "221_CC_1": {"slope": 28.30299998770761, "intercept": -440.27336058534274}, "223_STEAM_1": {"slope": 19.710999999999995, "intercept": 190.25254465999978}, "223_STEAM_2": {"slope": 19.710999999999995, "intercept": 190.25254465999978}, "223_STEAM_3": {"slope": 22.27199999999999, "intercept": 95.12911940000231}, "223_CT_4": {"slope": 39.53999999999998, "intercept": 810.9449189600009}, "223_CT_5": {"slope": 39.53999999999998, "intercept": 810.9449189600009}, "223_CT_6": {"slope": 39.53999999999998, "intercept": 810.9449189600009}, "301_CT_1": {"slope": 97.66899999999997, "intercept": 407.41435360000037}, "301_CT_2": {"slope": 97.66899999999997, "intercept": 407.41435360000037}, "301_CT_3": {"slope": 33.378999999999984, "intercept": 350.6076156000004}, "301_CT_4": {"slope": 33.378999999999984, "intercept": 350.6076156000004}, "302_CT_1": {"slope": 97.66899999999997, "intercept": 407.41435360000037}, "302_CT_2": {"slope": 97.66899999999997, "intercept": 407.41435360000037}, "302_CT_3": {"slope": 37.08099999999998, "intercept": 485.06154180000044}, "302_CT_4": {"slope": 37.08099999999998, "intercept": 485.06154180000044}, "307_CT_1": {"slope": 30.695999999999994, "intercept": 448.4820705200002}, "307_CT_2": {"slope": 30.695999999999994, "intercept": 448.4820705200002}, "313_CC_1": {"slope": 25.547999977624645, "intercept": 609.579594352841}, "315_STEAM_1": {"slope": 100.02200000090723, "intercept": 217.03227025622402}, "315_STEAM_2": {"slope": 100.02200000090723, "intercept": 217.03227025622402}, "315_STEAM_3": {"slope": 100.02200000090723, "intercept": 217.03227025622402}, "315_STEAM_4": {"slope": 100.02200000090723, "intercept": 217.03227025622402}, "315_STEAM_5": {"slope": 100.02200000090723, "intercept": 217.03227025622402}, "315_CT_6": {"slope": 28.237999999999992, "intercept": 250.63784328000042}, "315_CT_7": {"slope": 28.237999999999992, "intercept": 250.63784328000042}, "315_CT_8": {"slope": 28.237999999999992, "intercept": 250.63784328000042}, "316_STEAM_1": {"slope": 23.032999999999994, "intercept": 85.92118348000031}, "318_CC_1": {"slope": 28.425999996151052, "intercept": 362.107818404138}, "321_CC_1": {"slope": 27.367999989040293, "intercept": -34.75037849950968}, "322_CT_5": {"slope": 25.965999999999987, "intercept": 446.92828576000045}, "322_CT_6": {"slope": 25.965999999999987, "intercept": 446.92828576000045}, "323_CC_1": {"slope": 29.559999992930706, "intercept": -236.74129268006618}, "323_CC_2": {"slope": 29.559999992930706, "intercept": -236.74129268006618}, "121_NUCLEAR_1": {"slope": 0.0, "intercept": 3208.9860000000003}}